id	title	poster_path	background_path	format	language	details	description	cast
raid2	Raid 2	Image/catalog/raid2.jpg	Image/12.jpg	2D	Hindi	2h 19m | Drama | Thriller | UA13+	Raid 2 is a 2025 Indian Hindi-language crime thriller film directed by Raj Kumar Gupta. The film is a sequel to Raid (2018) and stars Ajay Devgn, Riteish Deshmukh and Vaani Kapoor along with a special appearance by Tamannaah Bhatia. Set 7 years after the events of the first film, it follows the return of IRS officer Amay Patnaik (Devgn), who tracks another white-collar crime. Like the previous film, the sequel is also based on the income-tax raid conducted by the officers of Income Tax Department who work with intelligence agencies to track white-collar crimes. The film was announced in April 2020. Filming was held in Mumbai, Rajasthan, Uttar Pradesh, and Delhi in the first half of 2024.  Raid 2 was released theatrically on 1 May 2025 and received mixed reviews from critics, but performed well and became the seventh-highest-grossing Hindi film of 2025.	Ajay Devgn, Riteish Deshmukh, Vaani Kapoor, Saurabh Shukla
kgf	KGF	Image/catalog/kgf.jpg	Image/3.jpg	2D	Hindi	2h 48m | Action | Drama | UA	A determined fighter rises through a brutal world where power has a price.	Yash, Srinidhi Shetty, Anant Nag, Ramachandra Raju
rrr	RRR	Image/catalog/rrr.jpg	Image/13.jpg	2D	Hindi	3h 2m | Action | Period Drama | UA	RRR is a 2022 Indian Telugu-language epic period action drama film directed by S. S. Rajamouli, who co-wrote the screenplay with V. Vijayendra Prasad. The title is an abbreviation for Rajamouli, Ram Charan, and Rama Rao. Produced by D. V. V. Danayya under DVV Entertainment, the film stars N. T. Rama Rao Jr and Ram Charan as fictionalised versions of Indian revolutionaries Komaram Bheem and Alluri Sitarama Raju, respectively. It also features Ajay Devgn, Alia Bhatt, Shriya Saran, Samuthirakani, Ray Stevenson, Alison Doody and Olivia Morris in supporting roles. It marks the Telugu film debuts of Devgn, Bhatt, Stevenson, Doody and Morris. The film is a fictionalised tale of two historical freedom fighters, set in the Indian pre-independence era. Rajamouli conceptualised the film by reimagining the lives of Sitarama Raju and Bheem, envisioning their meeting in 1920s Delhi as two formidable forces uniting to battle British colonial rule. The film was officially announced in March 2018, and principal photography began in November 2018 in Hyderabad. The production faced delays due to the COVID-19 pandemic and concluded in August 2021. RRR was shot extensively across India, with additional sequences filmed in Ukraine and Bulgaria. The film's songs and background score were composed by  M. M. Keeravani, with cinematography by K. K. Senthil Kumar and editing by A. Sreekar Prasad. Sabu Cyril served as the production designer, and V. Srinivas Mohan supervised the visual effects. Made on a budget of ₹550 crore, RRR was the most expensive Indian film at the time of its release. The film was released theatrically on 25 March 2022 and became the first Indian film to be released in Dolby Cinema format. It received universal critical acclaim for its direction, screenwriting, cast performances, cinematography, soundtrack, action sequences and VFX. With ₹223 crore worldwide on its first day, RRR recorded the highest opening-day earned by an Indian film at the time. It emerged as the highest-grossing film in its home market of Andhra Pradesh and Telangana, grossing over ₹406 crore and is maintaining it till date. The film grossed ₹1,300–1,387 crore worldwide, setting several box office records for an Indian film. It currently ranks the sixth highest-grossing Indian film, the third highest-grossing Telugu film and the highest grossing Indian film of 2022 worldwide. RRR was considered one of the ten best films of the year by the National Board of Review, making it only the second non-English language film ever to make it to the list. The song "Naatu Naatu" won the Oscar for Best Original Song at the 95th Academy Awards, making it the first song from an Asian film to win in this category. The win made RRR the first and only Indian feature film to win an Academy Award. The film became the third Indian film and first Telugu film to receive nominations at the Golden Globe Awards, including Best Foreign Language Film, and won Best Original Song for "Naatu Naatu", making it the first Indian (as well as the first Asian) nominee to win the award. RRR also won the awards for Best Foreign Language Film and Best Song at the 28th Critics' Choice Awards. At the 69th National Film Awards, the film won six awards, including Best Popular Feature Film, Best Music Direction (Keeravani) and Best Male Playback Singer (Kaala Bhairava for "Komuram Bheemudo"). RRR also fetched the state Telangana Gaddar Film Award for Best Feature Film.	N. T. Rama Rao Jr., Ram Charan, Alia Bhatt, Ajay Devgn
drishyam	Drishyam	Image/catalog/drishyam.jpg	Image/14.jpg	2D	Hindi	2h 43m | Mystery | Thriller | UA	Drishyam 2: The Resumption is a 2021 Indian Malayalam-language crime thriller film written and directed by Jeethu Joseph. It was produced by Antony Perumbavoor under the banner of Aashirvad Cinemas. A sequel to the 2013 film Drishyam and second instalment in the Drishyam film series, the film stars Mohanlal, Meena, Ansiba Hassan, Esther Anil, Asha Sharath, Murali Gopy, and Siddique. Jeethu Joseph wrote the script for Drishyam 2 during a pause in production for his other film Ram, owing to the COVID-19 pandemic. The project was officially announced on 21 May 2020, coinciding with Mohanlal's 60th birthday. Principal photography began on 21 September 2020 and wrapped on 6 November 2020, following strict safety protocols. The film was shot over 46 days, primarily in and around Thodupuzha, retaining the same locations used in the first film, with additional scenes shot in Kochi. Anil Johnson composed the music and film score, while the cinematography and editing were handled by Satheesh Kurup and V. S. Vinayak, respectively. Originally intended for a theatrical release, the producers later opted to release the film through the streaming service Amazon Prime Video. Drishyam 2 was released worldwide on 19 February 2021. Like its predecessor, it received widespread critical acclaim, with particular praise for its narrative and performance, particularly Mohanlal's. It was scheduled for a theatrical Re release on 10 April 2026, several years after its initial direct-to-video premiere. The third instalment in the franchise Drishyam 3 was released on 21 May 2026.	Ajay Devgn, Tabu, Shriya Saran, Ishita Dutta
pushpa2	Pushpa 2	Image/catalog/pushpa2.jpg	Image/2.jpg	2D	Hindi	3h 20m | Action | Drama | UA	Pushpa 2: The Rule is a 2024 Indian Telugu-language action drama film written and directed by Sukumar and produced by Mythri Movie Makers in association with Sukumar Writings. A sequel to Pushpa: The Rise (2021), it is the second installment in the Pushpa film series. The film stars Allu Arjun in the titular role, alongside Rashmika Mandanna, Fahadh Faasil, Jagapathi Babu, Sunil and Rao Ramesh. It follows Pushpa Raj, a labourer-turned-red sandalwood smuggler, as he faces growing threats from his enemies, including SP Bhanwar Singh Shekhawat. The sequel was officially announced in December 2021, shortly before the release of the first film, with the title Pushpa 2 and later rebranded as Pushpa 2: The Rule with the release of the first film. Although a portion of the film was initially shot back-to-back with the first film, director Sukumar revised the storyline, leading to principal photography beginning in October 2022. The film features music composed by Devi Sri Prasad, cinematography by Mirosław Kuba Brożek, and editing by Naveen Nooli. Made on a budget of ₹400–500 crore, it is among the most expensive Indian films ever produced. With a runtime of 200–224 minutes, it is also one of the longest Indian films. Pushpa 2: The Rule was released worldwide on 5 December 2024 in standard, IMAX, 4DX, D-Box and PVR ICE formats to mostly mixed reviews from critics. The film was a major commercial success, grossing between 1642 and 1800 crores worldwide, making it the second highest-grossing film in India and the fourth-highest-grossing Indian film worldwide at the time of its release.	Allu Arjun, Rashmika Mandanna, Fahadh Faasil
jawan	Jawan	Image/catalog/jawan.jpg	Image/6.jpg	2D	Hindi	2h 49m | Action | Thriller | UA	Jawan (transl. Soldier) is a 2023 Indian Hindi-language action thriller film co-written and directed by Atlee in his Hindi film debut, and produced by Gauri Khan under Red Chillies Entertainment. It stars Shah Rukh Khan in a dual role alongside Nayanthara, Vijay Sethupathi, Deepika Padukone, Priyamani, Sanya Malhotra, and Sunil Grover. In the film, a vigilante recruits inmates and commits acts that shed light on corruption in India. Principal photography began in September 2021, and took place in Pune, Mumbai, Goregaon, Hyderabad, Chennai, Rajasthan, and Aurangabad. The soundtrack and film score were composed by Anirudh Ravichander, with the cinematography and editing handled by G. K. Vishnu and Ruben respectively. Some portions of the film were simultaneously reshot for the Tamil version, particularly Khan's appearance in the song "Zinda Banda" ("Vandha Edam" in Tamil), Sethupathi's portions and scenes featuring Yogi Babu. Jawan was theatrically released on 7 September 2023 in standard, IMAX, and 4DX, coinciding with Janmashtami, and received positive reviews from critics with praise towards the cast performances, direction, action sequences, soundtrack, and cinematography. The film grossed over ₹1,100 crore (US$120 million) at the box-office, becoming the highest-grossing Indian film of 2023. As of March 2026, it ranks as the eighth highest-grossing Indian film of all time. At the 69th Filmfare Awards, the film received 14 nominations, including Best Film and Best Director. At the 71st National Film Awards, the film won 2 awards: Best Actor in a Leading Role (Khan) and Best Female Playback Singer (Shilpa Rao for "Chaleya").	Shah Rukh Khan, Nayanthara, Vijay Sethupathi
pathaan	Pathaan	Image/catalog/pathaan.jpg	Image/3.jpg	2D	Hindi	2h 26m | Action | Spy | UA	Pathaan (pronounced [pəʈʰaːn]) is a 2023 Indian Hindi-language action thriller film directed by Siddharth Anand and produced by Aditya Chopra under Yash Raj Films. The film stars Shah Rukh Khan in the titular role, alongside Deepika Padukone, John Abraham, Dimple Kapadia, and Ashutosh Rana. It is the fourth installment in the YRF Spy Universe and the first instalment in the universe to establish crossovers between characters from other universe films. The film follows an exiled RAW agent who works with an ISI agent to take down a former RAW agent turned rogue, who plans to attack India with a deadly lab-generated virus. Principal photography commenced in November 2020 in Mumbai. The film was shot in various locations in India, Afghanistan, Spain, UAE, Turkey, Russia, Italy, and France. The film's soundtrack was composed by Vishal–Shekhar, while Sanchit Balhara and Ankit Balhara composed the background score. The film was made on an estimated production budget of ₹250 crore (US$26 million). It was theatrically released in India on 25 January 2023, coinciding with the Republic Day weekend. The film received  positive reviews from critics. It grossed 1,050.50 cr  worldwide, becoming the ninth highest-grossing Indian film of all time. At the 69th Filmfare Awards, the film received 16 nominations, including Best Film, Best Director and Best Actress (Padukone), and won Best Female Playback Singer (Shilpa Rao for the song "Besharam Rang"). A sequel is in production with the script finalised.	Shah Rukh Khan, Deepika Padukone, John Abraham
animal	Animal	Image/catalog/animal.jpg	Image/12.jpg	2D	Hindi	3h 21m | Action | Drama | A	Animal is a 2023 Indian Hindi-language action drama film co-written, directed and edited by Sandeep Reddy Vanga and jointly produced by T-Series Films, Bhadrakali Pictures and Cine1 Studios. The film stars Ranbir Kapoor in dual role, alongside Anil Kapoor, also in dual role, Bobby Deol, Rashmika Mandanna and Triptii Dimri. It explores the troubled relationship between Ranvijay Singh and his father, Balbir Singh, a powerful industrialist. After spending years abroad he returns home and embarks on a ruthless quest for vengeance after an assassination attempt on his father. The film was officially announced in January 2021. Principal photography began in April 2022 and wrapped by April 2023, with cinematography by Amit Roy. The film's soundtrack album was composed by Pritam, JAM8, Vishal Mishra, Jaani, Manan Bhardwaj, Shreyas Puranik, Ashim Kemson and Harshavardhan Rameshwar. With a runtime of 204 minutes, Animal is one of the longest Indian films ever made. It was initially set for an August 2023 release but was postponed due to post-production work. Animal was theatrically released on 1 December 2023, in standard and IMAX formats to mixed reviews, with praise for its cast performances, direction, screenwriting, soundtrack, cinematography, action sequences and technical aspects but faced severe criticism for its themes and graphic violence. However, the film did very well commercially, both domestically and internationally. It grossed ₹917.82 crore (US$96 million) worldwide, making it the third highest-grossing Indian film of 2023, the fifth highest-grossing Hindi film, the eleventh highest-grossing Indian film and third highest-grossing A-rated Indian film. At the 69th Filmfare Awards, the film received 19 nominations, including Best Film, and won a leading six awards, including Best Actor for Ranbir Kapoor. At the 22nd Zee Cine Awards 2024, the film won 4 awards, including Best Actor in a Supporting Role award for Anil Kapoor, and the Best Actor In a Negative Role award for Bobby Deol. The film also won 3 awards at the 71st National Film Awards: Special Mention, Best Background Music, and Best Sound Design. A sequel titled Animal Park, announced in the post-credits scene, is in early development.	Ranbir Kapoor, Rashmika Mandanna, Anil Kapoor
dangal	Dangal	Image/catalog/dangal.jpg	Image/3.jpg	2D	Hindi	2h 41m | Sports | Drama | U	Dangal is a 2016 Indian Hindi-language biographical sports drama film directed by Nitesh Tiwari and produced by Aamir Khan, Kiran Rao, and Siddharth Roy Kapur under Aamir Khan Productions and The Walt Disney Company India. The film stars Khan as Mahavir Singh Phogat, a pehlwani amateur wrestler who trains his daughters Geeta Phogat and Babita Kumari to become India's first world-class female wrestlers. Fatima Sana Shaikh and Sanya Malhotra portray the adult versions of the two Phogat sisters, Zaira Wasim and Suhani Bhatnagar their younger versions, Sakshi Tanwar their mother, and Aparshakti Khurana adult version of their cousin, Ritvik Sahore his younger version, all of them except Shaikh, Tanwar and Sahore in their film debuts.	Aamir Khan, Fatima Sana Shaikh, Sanya Malhotra
pk	PK	Image/catalog/pk.jpg	Image/3.jpg	2D	Hindi	2h 33m | Comedy | Drama | UA	PK (Tipsy) is a 2014 Indian Hindi-language science-fiction comedy-drama film edited and directed by Rajkumar Hirani and written by Hirani and Abhijat Joshi and jointly produced by Hirani and Vidhu Vinod Chopra under the production banners of Rajkumar Hirani Films and Vinod Chopra Films, respectively. A religious satire addressing superstition and pseudoprophets, the film stars an ensemble cast of Aamir Khan (as the title character), Anushka Sharma, Sushant Singh Rajput, Boman Irani, Saurabh Shukla and Sanjay Dutt.  Khan plays a humanoid alien who was sent to Earth on a research mission.  After losing the remote with which he contacts his spaceship, he is told by the people of Earth to seek God's help - leading him to start a national movement which questions organised religion as a whole.   After the success of 3 Idiots (2009), Hirani and Joshi began scripting their next project; finding similarities with the plot of Inception (2010), they scrapped the film. It was later rewritten with a different angle and tone. During production, the film was initially titled Talli and later Ek Tha Talli before being changed to PK as the latter title was found to be too similar to Ek Tha Tiger (2012). The film's soundtrack was composed by Shantanu Moitra, Ajay–Atul and Ankit Tiwari with lyrics written by Swanand Kirkire, Amitabh Varma and Manoj Muntashir. UTV Motion Pictures acquired the distribution rights of the film. PK was the first Bollywood film to be shot in Belgium.  PK was released on 19 December 2014. Upon release, it received critical acclaim, with praise directed towards Khan's performance and the film's humour. The film received 8 nominations at the 60th Filmfare Awards, including Best Actor for Khan, Best Film, and Best Director for Hirani, winning two. Additionally, it won five Producers Guild Film Awards, and two Screen Awards. PK garnered the Telstra People's Choice Award at the Indian Film Festival of Melbourne. Produced on a budget of ₹1.22 billion, PK was the first Indian film to gross more than ₹7 billion and US$100 million worldwide. At the time of its release, it emerged as the highest-grossing Indian film of all time. The film's final worldwide gross was ₹769.89 crore (US$118.92 million). It currently ranks as the eleventh highest-grossing Hindi film of all-time.	Aamir Khan, Anushka Sharma, Sushant Singh Rajput
3idiots	3 Idiots	Image/catalog/3idiots.jpg	Image/3.jpg	2D	Hindi	2h 50m | Comedy | Drama | U	3 Idiots is a 2009 Indian Hindi-language coming-of-age comedy-drama film written, edited and directed by Rajkumar Hirani, co-written by Abhijat Joshi and produced by Vidhu Vinod Chopra. The film stars Aamir Khan, R. Madhavan and Sharman Joshi in the title roles, while Kareena Kapoor, Boman Irani, Mona Singh and Omi Vaidya play supporting roles. Narrated through two parallel timelines, one in the present and the other set ten years earlier, the story follows the friendship of three students at an Indian engineering college and is a satire about the intrinsic paternalism under the Indian education system. Adapted loosely from Chetan Bhagat's novel Five Point Someone, It is produced by Chopra under the banner Vinod Chopra Films, 3 Idiots incorporated real Indian inventions created by Remya Jose, Mohammad Idris, Jahangir Painter and Sonam Wangchuk, the latter of whom also inspired Aamir Khan's character. Upon its release, 3 Idiots received widespread critical acclaim with praise directed towards its direction, themes, humour, story, screenplay, soundtrack and performances of the cast.  The film became a major box office success and one of the few Indian films at the time to become successful in East Asian markets such as China and Japan, eventually bringing its worldwide gross to ₹460 crore (US$90 million) — it was the highest-grossing Indian film ever at the time until 2013, when Dhoom 3 surpassed it. At the 57th National Film Awards, 3 Idiots won three awards, including Best Popular Film Providing Wholesome Entertainment. Additionally, it won a leading 6 awards at the 55th Filmfare Awards (tying with Dev.D), including Best Film, Best Director (Hirani) and Best Supporting Actor (Irani). Overseas, it won the Grand Prize at Japan's Videoyasan Awards, while it was nominated for Best Outstanding Foreign Language Film at the Japan Academy Awards and Best Foreign Film at China's Beijing International Film Festival. Considered to be among the greatest Indian films ever made, the film also had a social impact on attitudes toward education in India, as well as in other Asian countries such as China and South Korea and a huge cult following for its relevance and humour. It was remade in Tamil as Nanban (2012), which also received critical praise and commercial success. A Mexican remake, 3 Idiotas, was also released in 2017.	Aamir Khan, R. Madhavan, Sharman Joshi, Kareena Kapoor
taarezameenpar	Taare Zameen Par	Image/catalog/taarezameenpar.png	Image/3.jpg	2D	Hindi	2h 42m | Family | Drama | U	Taare Zameen Par (lit. 'Stars on the Earth'), also known as Like Stars on Earth in English, is a 2007 Indian Hindi-language psychological drama film produced and directed by Aamir Khan (in his directorial debut). It stars Khan, with Darsheel Safary, Tanay Chheda, Vipin Sharma and Tisca Chopra. It explores the life and imagination of Ishaan (Safary), an artistically gifted 8-year-old boy whose poor academic performance leads his parents to send him to a boarding school, where a new art teacher Nikumbh (Aamir Khan) suspects that he is dyslexic and helps him to overcome his reading disorder. The film focuses on raising awareness about dyslexia in children. Creative director and writer Amole Gupte developed the idea with his wife Deepa Bhatia, who was the film's editor. Shankar–Ehsaan–Loy composed the score, and Prasoon Joshi wrote the lyrics for many of the songs. Principal photography took place in Mumbai, and in Panchgani's New Era High School, where some of the school's students participated in the filming. Taare Zameen Par made its theatrical debut in India on 21 December 2007. It was commercially successful, earning ₹98.48 crore gross worldwide. It released to critical acclaim, with praise for its story, screenplay, direction, dialogues, soundtrack, and performances. A recipient of several accolades, Taare Zameen Par was India's official entry at the 81st Academy Awards for Best Foreign Film, but was not nominated. At the 55th National Film Awards, it won 3 awards: Best Film on Family Welfare, Best Lyrics (Prasoon Joshi for "Maa") and Best Male Playback Singer (Shankar Mahadevan for "Maa"). At the 53rd Filmfare Awards, it received 11 nominations, including Best Actor (Safary), Best Supporting Actor (Aamir Khan) and Best Supporting Actress (Chopra), and won a leading 5 awards, including Best Film, Best Director (Aamir Khan) and Best Lyricist (Joshi for "Maa").	Darsheel Safary, Aamir Khan, Tisca Chopra
chhichhore	Chhichhore	Image/catalog/chhichhore.jpg	Image/3.jpg	2D	Hindi	2h 26m | Comedy | Drama | UA	Chhichhore (transl. Frivolous) is a 2019 Indian Hindi-language coming-of-age comedy-drama directed by Nitesh Tiwari in association with Piyush Gupta and Nikhil Mehrotra, and produced by Sajid Nadiadwala under Nadiadwala Grandson Entertainment, with Fox Star Studios acquiring the distribution rights. Based on Tiwari's experiences as a student of the Indian Institute of Technology, Bombay, the film stars Sushant Singh Rajput, Shraddha Kapoor, Varun Sharma, Naveen Polishetty (in his Hindi Debut), Tahir Raj Bhasin, Tushar Pandey and Saharsh Kumar Shukla in the lead roles, with Shishir Sharma and Mohammad Samad in supporting roles. Set parallelly in the 1990s and 2019, Chhichhore tells the story of Aniruddh  Pathak, a middle-aged divorced man whose son, Raghav, tries to commit suicide after failing to clear the JEE entrance examination, and who, despite survival, is unwilling to live due to the fear of being branded as a "loser", which makes a desperate Anniruddh recount his own experience to Raghav of his own time at college, wherein he and his five friends too were called 'losers', and how they managed to remove that tag; as he continues along to narrate his story, the other five join their friend and complete the story. Principal photography commenced in September 2018. Chhichhore was released on 6 September 2019, receiving positive reviews from critics. Earning ₹215 crores (₹2150 million/$28 million) worldwide to emerge as a blockbuster, it went on to receive the National Film Award for Best Feature Film in Hindi at the 67th National Film Awards announced in 2021. It also received five nominations at the 65th Filmfare Awards – Best Film, Best Director for Tiwari, Best Story, Best Dialogue and Best Editing. It marks Rajput's penultimate film appearance before his death on 14 June 2020.	Sushant Singh Rajput, Shraddha Kapoor, Varun Sharma
queen	Queen	Image/catalog/queen.jpg	Image/3.jpg	2D	Hindi	2h 26m | Comedy | Drama | UA	Queen is a 2014 Indian Hindi-language comedy-drama film directed by Vikas Bahl and produced by Anurag Kashyap, Vikramaditya Motwane, and Madhu Mantena. The film stars Kangana Ranaut in the lead role, with Lisa Haydon and Rajkummar Rao playing supporting roles. The film follows the story of Rani Mehra, a diffident Punjabi girl from New Delhi who embarks on her honeymoon to Paris and Amsterdam by herself after her fiancé calls off their wedding. Bahl co-wrote the script of Queen with Chaitally Parmar and Parveez Shaikh. Anvita Dutt Guptan wrote the dialogues for the film. Ranaut, who was encouraged by Bahl to improvise her lines during filming, is recognized as an additional dialogue writer. Amit Trivedi provided the musical score and Guptan also wrote the lyrics. Principal photography of Queen began in 2012 and took 45 days to complete.  Queen received universal critical acclaim, praised for its direction, screenplay and Ranaut's titular performance, with various critics and publications citing it as the best Indian film of 2014. Made on a budget of ₹230 million (US$2.4 million), the film earned over ₹950 million (US$9.9 million) at the global box-office, emerging as a commercial success. It is one of the highest-grossing Indian films featuring a female protagonist. The film won several accolades at prominent Indian and international award ceremonies. At the 60th Filmfare Awards ceremony, the film received a leading 13 nominations and won a leading 6 awards, including Best Film, Best Director (Bahl), and Best Actress (Ranaut). At the 62nd National Film Awards ceremony, the film won the Best Hindi Film (Bahl) and Best Actress (Ranaut). Queen is cited as a groundbreaking and an influential feminist film by many scholars. Over the years, the film has built a strong cult following. It was named one of the best films of the decade (2010s) by multiple publications such as Paste and Film Companion. Several publications such as O, The Oprah Magazine and Cosmopolitan have named it one of the best films of Indian cinema. Shubhra Gupta from The Indian Express named Queen as one of India's 75 most iconic and finest films that celebrate the journey of the country. The British Film Institute ranked Queen amongst the 10 greatest Bollywood films of the 21st century.	Kangana Ranaut, Rajkummar Rao, Lisa Haydon
barfi	Barfi	Image/catalog/barfi.jpg	Image/3.jpg	2D	Hindi	2h 31m | Romance | Comedy | U	Barfi! is a 2012 Indian Hindi-language romantic comedy film written and directed by Anurag Basu, and produced by Ronnie Screwvala and Siddharth Roy Kapur under UTV Motion Pictures. The first UTV project to be released under the Disney·UTV brand, the film stars Ranbir Kapoor, Priyanka Chopra and Ileana D'Cruz (in her Hindi film debut) with Saurabh Shukla, Ashish Vidyarthi, Jisshu Sengupta, Roopa Ganguly and Haradhan Bandopadhyay in supporting roles. Set in Darjeeling, Kolkata and Jalandhar of the 1970s, the film focuses on Barfi (Kapoor), a deaf-mute young man based in Darjeeling, and his relationships with two girls, the beautiful Shruti (D'Cruz) and the autistic Jhilmil (Chopra). Made on a budget of ₹35 crore, Barfi! was released on 14 September 2012. The film received widespread critical acclaim for the cast performances, direction, screenplay, cinematography, music and the portrayal of physically disabled people. It was a major commercial success, becoming one of the highest-grossing films of 2012 in India and overseas, grossing ₹175 crore worldwide. Since its release, Barfi! is remembered for its refreshing story, soundtrack, performances of the cast, and feel-good factor. The film was selected as India's official entry for the Best Foreign Language Film nomination for the 85th Academy Awards. Barfi! won several awards and nominations at various award ceremonies across India. At the 58th Filmfare Awards, Barfi! received 12 nominations including Best Director (Basu), Best Actress (Chopra) and Best Supporting Actress (D'Cruz), and won 7 awards including Best Film, Best Actor (Kapoor), Best Female Debut (D'Cruz) and Best Music Director (Pritam).	Ranbir Kapoor, Priyanka Chopra, Ileana D'Cruz
zindaginamilegidobara	Zindagi Na Milegi Dobara	Image/catalog/zindaginamilegidobara.jpg	Image/3.jpg	2D	Hindi	2h 35m | Comedy | Drama | UA	Zindagi Na Milegi Dobara (transl. You Won't Get Your Life Twice), popularly known by its initialism ZNMD, is a 2011 Indian Hindi-language road comedy drama film directed by Zoya Akhtar and produced by Farhan Akhtar and Ritesh Sidhwani under Excel Entertainment. The film stars an ensemble cast consisting of Hrithik Roshan, Abhay Deol, Farhan Akhtar, Katrina Kaif, and Kalki Koechlin. The film follows three friends from school, Arjun, Kabir, and Imran, who go on a three-week road trip in Spain for Kabir's bachelor party. It was filmed across Spain, India and the United Kingdom on a budget of ₹45 crore (equivalent to ₹93 crore or US$9.7 million in 2023). The music and background score were composed by Shankar–Ehsaan–Loy with lyrics written by Javed Akhtar. Zindagi Na Milegi Dobara was initially planned to release on 27 May 2011, but technical problems with post-production work led to the release being postponed to 24 June, and again to 15 July of that year. The film had a worldwide release on 1,800 screens and was a commercial success grossing ₹1.53 billion (US$16 million), becoming the 5th highest-grossing Hindi film of 2011, and received critical acclaim for its direction, story, screenplay, music, dark humor, cinematography and performances of the ensemble cast. The film is widely regarded as one of Farhan Akhtar's finest acting performances, with particularly praise for his dialogue delivery and comic timing. At the 57th Filmfare Awards, Zindagi Na Milegi Dobara received a leading 13 nominations, and won a leading seven awards, including Best Film, Best Film (Critics), Best Director and Best Supporting Actor (Farhan Akhtar). Additionally, at the 59th National Film Awards, it won two awards – Best Choreography (Bosco-Caesar for "Señorita") and Best Audiography (Baylon Fonseca).	Hrithik Roshan, Farhan Akhtar, Abhay Deol, Katrina Kaif
gullyboy	Gully Boy	Image/catalog/gullyboy.jpg	Image/3.jpg	2D	Hindi	2h 34m | Musical | Drama | UA	Gully Boy is a 2019 Indian Hindi-language musical drama film directed by Zoya Akhtar, and written by Akhtar and Reema Kagti. The film was produced by Ritesh Sidhwani, Akhtar and Farhan Akhtar under the banners of Tiger Baby Films and Excel Entertainment productions, with American rapper Nas as an executive producer. It stars Ranveer Singh in the title role alongside Alia Bhatt, Kalki Koechlin, Siddhant Chaturvedi, Vijay Varma, Amruta Subhash and Vijay Raaz in supporting roles. Inspired by the lives of Indian street rappers DIVINE and Naezy, the film is a coming-of-age story about aspiring street rapper Murad Ahmed (Singh), from the Dharavi slums of Mumbai. Principal photography for Gully Boy began in January 2018 and wrapped up in April 2018. It premiered at the Berlin International Film Festival on 9 February 2019 and released on 15 February 2019 to positive reviews for the music, cinematography, Akhtar's direction, storyline, screenplay, dialogues, performances (particularly Singh, Bhatt, Chaturvedi and Varma) and the social message. With a global gross of over ₹2.38 billion (US$33.8 million), it emerged as the ninth-highest-grossing Hindi film of the year. Gully Boy won a record 13 Filmfare Awards, the most awards for a single film in a year, including Best Film, Best Director, Best Actor (Singh) and Best Actress (Bhatt). It also became the sixth film to win all 4 major awards at the Filmfare Awards (Best Film, Best Director, Best Actor and Best Actress), after Guide (1965), Dilwale Dulhania Le Jayenge (1995), Kuch Kuch Hota Hai (1998), Devdas (2002) and Black (2005). Internationally, it won the NETPAC Award for Best Asian Film at the Bucheon International Fantastic Film Festival in South Korea. It was also selected as the Indian entry for the Best International Feature Film at the 92nd Academy Awards, but it was not nominated.	Ranveer Singh, Alia Bhatt, Siddhant Chaturvedi
war	War	Image/catalog/war.jpg	Image/3.jpg	2D	Hindi	2h 34m | Action | Thriller | UA	War is a 2019 Indian Hindi-language action thriller film directed by Siddharth Anand and produced by Aditya Chopra under Yash Raj Films.  The third installment in the YRF Spy Universe, it stars Hrithik Roshan and Tiger Shroff in the lead roles, with Vaani Kapoor and Ashutosh Rana. In the film, an Indian RAW agent is assigned to eliminate his former mentor who has gone rogue. Principal photography commenced in September 2018. Tentatively titled Fighters, the title of War was announced on 15 July 2019. The film was made on an estimated budget of ₹150 crore (US$16 million) with a further ₹20 crore (US$2.1 million) spent on print and advertising. Vishal–Shekhar composed the soundtrack, with the background score composed by Sanchit Balhara and Ankit Balhara, replacing Anand's frequent collaborators Salim–Sulaiman. War was theatrically released on 2 October 2019, with dubbed versions of Telugu and Tamil, coinciding with Gandhi Jayanti. It received generally positive reviews from critics, with praise towards its action sequences, visuals, direction, cinematography, story, soundtrack, and cast performances, but criticism towards its screenplay. It emerged as a commercial success grossing ₹4.75 billion (US$67.45 million), becoming the highest-grossing Indian film of 2019. A sequel titled War 2 was released in 2025.	Hrithik Roshan, Tiger Shroff, Vaani Kapoor
brahmastra	Brahmastra	Image/catalog/brahmastra.jpg	Image/3.jpg	2D	Hindi	2h 47m | Fantasy | Adventure | UA	Brahmāstra: Part One – Shiva is a 2022 Indian Hindi-language fantasy action adventure film written and directed by Ayan Mukerji. The film is the first instalment of a planned trilogy, which is itself planned to be part of a cinematic universe titled Āstraverse, and stars an ensemble cast including Amitabh Bachchan, Ranbir Kapoor, Alia Bhatt, Mouni Roy and Nagarjuna with Shah Rukh Khan in a special appearance. Drawing inspiration from tales in Hindu mythology, the story follows Shiva, an orphaned musician with pyrokinetic powers who discovers that he is an astra, a weapon of enormous energy. He attempts to prevent the strongest of the astras, the Brahmāstra, from falling into the hands of dark forces that share a history with him.	Ranbir Kapoor, Alia Bhatt, Amitabh Bachchan
shershaah	Shershaah	Image/catalog/shershaah.jpg	Image/3.jpg	2D	Hindi	2h 15m | Biography | War | UA	Shershaah (transl. Lion-king) is a 2021 Indian Hindi-language biographical war drama film based on the life of Vikram Batra, martyred in action in the Kargil War, directed by Vishnuvardhan in his Hindi film debut and written by Sandeep Shrivastava. The film was produced by Dharma Productions and Kaash Entertainment, with Hiroo Yash Johar, Karan Johar, Apoorva Mehta, Shabbir Boxwala, Ajay Shah and Himanshu Gandhi serving as producers. Sidharth Malhotra stars in a dual role as Vikram Batra and his twin brother Vishal, with Kiara Advani as his girlfriend Dimple Cheema. Announced in May 2019, principal photography began in the same month and concluded in January 2020. Initially slated to be released on 3 July 2020, the film was postponed due to the COVID-19 pandemic. The film then premiered on 12 August 2021 on Amazon Prime Video. Shershaah received positive reviews from critics and audiences. The performances (especially Malhotra's and Advani's), direction, music, cinematography, action sequences, editing, and visual effects received high critical acclaim. However, the writing received some criticism. On 31 August 2021, Amazon stated that Shershaah had become the most watched Indian film on the platform in India. Shershaah led the 67th Filmfare Awards with 19 nominations, including Best Actor (Malhotra) and Best Actress (Advani), and won 7 awards including Best Film, Best Director (Vishnuvardhan), Best Music Director (Tanishk Bagchi, B Praak, Jasleen Royal, Javed-Mohsin and Vikram Montrose), Best Male Playback Singer (Praak for "Mann Bharrya") and Best Female Playback Singer (Asees Kaur for "Raatan Lambiyaan"). At the 69th National Film Awards, the film won the Special Jury Award (Feature Film) (Vishnuvardhan and Johar).	Sidharth Malhotra, Kiara Advani
uri	Uri: The Surgical Strike	Image/catalog/uri.jpg	Image/3.jpg	2D	Hindi	2h 18m | Action | War | UA	Uri: The Surgical Strike is a 2019 Indian Hindi-language war action film written and directed by debutant Aditya Dhar and produced by Ronnie Screwvala under the RSVP Movies banner. An account based on the real story of the retaliation to the 2016 Uri attack, the film stars Vicky Kaushal along with Yami Gautam, Paresh Rawal, Kirti Kulhari, and Mohit Raina in pivotal roles, and tells the story of Major Vihaan Shergill (Kaushal) of the Para (Special Forces), who played a leading role in the events. Screwvala announced the film in September 2017, a year after the 2016 Indian Line of Control strike. Principal photography began in June 2018 in Serbia where it was largely shot before being wrapped in September in Mumbai. Uri was released on 11 January 2019. It received acclaim from the critics; it was praised for direction, cinematography, superbly executed single shot combat scenes and the performance of Kaushal. Made on a budget of ₹44 crore, Uri: The Surgical Strike grossed ₹342.73 crore (US$48.67 million) worldwide, emerging as the fourth highest-grossing Hindi film of 2019. The film received various accolades including four National Film Awards, including Best Director, Best Actor, Best Audiography and Best Music Director. It received 13 nominations at the 65th Filmfare Awards, winning Best Editing and Best Debut Director for Dhar.	Vicky Kaushal, Yami Gautam, Paresh Rawal
andhadhun	Andhadhun	Image/catalog/andhadhun.jpg	Image/3.jpg	2D	Hindi	2h 18m | Crime | Thriller | UA	Andhadhun (pronounced [əndʱaːdʱʊn] transl. Indiscriminate, blind, reckless, or without thinking) is a 2018 Indian Hindi-language black comedy crime thriller film co-written and directed by Sriram Raghavan. It stars Tabu, Ayushmann Khurrana, Radhika Apte and Anil Dhawan. The film tells the story of a blind piano player who unwittingly becomes embroiled in the murder of a retired actor. The script of Andhadhun was written by Raghavan, Arijit Biswas, Pooja Ladha Surti, Yogesh Chandekar and Hemanth M. Rao. The film was edited by Surti, and K. U. Mohanan was its director of photography. Amit Trivedi composed songs for the film and Jaideep Sahni wrote the lyrics; Raftaar and Girish Nakod co-wrote the title song as guest composers, while Daniel B. George composed the background score. The film was shot in Pune in 44 days spread over more than a year; principal photography began in June 2017 and ended on 17 July 2018. Andhadhun was released by Viacom18 Motion Pictures theatrically in India on 5 October 2018 to widespread critical acclaim. It won four awards, including Best Director and Best Screenplay, at the Screen Awards ceremony and five Filmfare Awards, including Best Film (Critics) and Best Actor (Critics) for Khurrana. It also won three National Film Awards: Best Feature Film in Hindi, Best Actor for Khurrana, and Best Screenplay. Grossing over ₹457 crore (US$64.9 million) at the worldwide box office, it became the fourth highest-grossing Indian film of 2018, and was remade in Telugu as Maestro (2021), in Malayalam as Bhramam (2021) and in Tamil as Andhagan (2024).	Ayushmann Khurrana, Tabu, Radhika Apte
kantara	Kantara	Image/catalog/kantara.jpeg	Image/3.jpg	2D	Hindi	2h 30m | Action | Drama | UA	Kantara is a 2022 Indian Kannada-language action thriller film written and directed by Rishab Shetty, and produced by Vijay Kiragandur and Chaluve Gowda under Hombale Films. The film stars Rishab Shetty in a dual roles as Kaadubettu Shiva and Annappa, along with Sapthami Gowda, Kishore, and Achyuth Kumar.	Rishab Shetty, Sapthami Gowda, Kishore
bahubali1	Baahubali: The Beginning	Image/catalog/bahubali1.jpg	Image/3.jpg	2D	Hindi	2h 39m | Action | Epic | UA	Baahubali: The Beginning is a 2015 Indian epic action film co-written and directed by S. S. Rajamouli, and produced by Shobu Yarlagadda and Prasad Devineni under Arka Media Works.  Produced in the Telugu film industry, the film was shot in both Telugu and Tamil languages. It features Prabhas in a dual role alongside Rana Daggubati, Anushka, Tamannaah Bhatia, Ramya Krishnan, Sathyaraj, and Nassar. The first of a duology of films, it follows Sivudu, an adventurous young man who helps his love Avantika rescue Devasena, the princess of Kunthala who is now a prisoner under the tyrannical rule of king Bhallaladeva. The film is the first part of the duology. The story concludes in Baahubali 2: The Conclusion (2017). The film's story was written by Rajamouli's father V. Vijayendra Prasad, who told him a story about Sivagami, a woman who carries a baby in her hand while crossing a river, and a few years later about Kattappa, which intrigued Rajamouli. His fascination with Mahabharata and the tales of Amar Chitra Katha and Chandamama further fueled his interest in the story. It took the writers three months to complete the final draft. The soundtrack and background score were composed by M. M. Keeravani, while cinematography, production design, and visual effects (VFX) were handled by K. K. Senthil Kumar, Sabu Cyril, and V. Srinivas Mohan. The film was made on a budget of ₹170 crore ($26.4 million), making it the most expensive Indian film at its time of release. The film opened worldwide on 10 July 2015 along with the dubbed versions in Hindi and Malayalam. It received national and international acclaim for Rajamouli's direction, story, visual effects, cinematography, themes, action sequences, music, and performances, and became a record-breaking box office success. With a worldwide box office gross of ₹600–650 crore, it became the highest-grossing Telugu film and the second highest-grossing Indian film worldwide at the time of its release. It is currently the sixth highest-grossing Telugu film of all time. At the time of its release, it also became the highest-grossing Tamil film at the time of its release. Its Hindi dubbed version also broke several records by becoming the highest-grossing dubbed film in Hindi of all time. Both budget and box office records have since been surpassed by Baahubali 2: The Conclusion, the highest-grossing film in India of all time. Baahubali: The Beginning along with its successor, is widely regarded as one of the most influential films of Indian cinema. It became the first Indian film to be nominated for Saturn Awards, receiving five nominations at the 42nd ceremony, including Best Fantasy Film and Best Supporting Actress. It received several accolades such as the National Film Award for Best Feature Film, and the National Award for Best Special Effects. It won five awards from ten nominations, including Best Telugu Film, Best Director – Telugu for Rajamouli, and Best Supporting Actress – Telugu for Ramya Krishna respectively, at the 63rd Filmfare Awards South. A combined recut version of The Beginning and The Conclusion, titled Baahubali: The Epic, was theatrically released worldwide on 31 October 2025.	Prabhas, Rana Daggubati, Anushka Shetty, Tamannaah
bahubali2	Baahubali 2: The Conclusion	Image/catalog/bahubali2.jpg	Image/3.jpg	2D	Hindi	2h 47m | Action | Epic | UA	Baahubali 2: The Conclusion is a 2017 Indian Telugu-language epic action drama film directed by S. S. Rajamouli, who co-wrote the script with V. Vijayendra Prasad. It was produced by Shobu Yarlagadda and Prasad Devineni under the banner Arka Media Works. The cast includes Prabhas in a dual and titular role, alongside Rana Daggubati, Anushka Shetty, Tamannaah Bhatia, Ramya Krishna, Sathyaraj, Nassar and Subbaraju. It is both the sequel and the prequel to Baahubali: The Beginning, as well as the final installment in the Baahubali film duology. The film is set in fictional medieval India and centers on the rivalry between siblings Amarendra Baahubali and Bhallaladeva. Bhallaladeva conspires against Amarendra, leading to his death at the hands of Kattappa. Years later, Amarendra's son (Mahendra or Sivudu) seeks to avenge his father's demise. The film was primarily shot in Telugu, with a limited number of close-up scenes also filmed in Tamil for select actors. The film was produced on an estimated budget of ₹250 crore, making it the most expensive Indian film at the time of its release. Production began on 17 December 2015 at Ramoji Film City in Hyderabad. The cinematography was handled by K. K. Senthil Kumar, with editing by Kotagiri Venkateswara Rao, and Tammiraju. The production design was created by Sabu Cyril, while the action sequences were choreographed by King Solomon, Lee Whittaker, and Kecha Khamphakdee. Visual effects were designed by Makuta VFX, with contributions from Adel Adili and Pete Draper. The music and background score were composed by M. M. Keeravani. The film was released on 28 April 2017 in Telugu, Tamil, Hindi, Kannada and Malayalam, and later dubbed in Japanese, Russian and Chinese. It was available in conventional 2D and IMAX formats and was the first Telugu film to release in 4K High Definition format. Baahubali 2 was one of the most anticipated films of 2017, primarily due to the massive cliffhanger ending of its predecessor. The film premiered on over 9,000 screens worldwide, with 6,500 screens in India, setting a record for the widest release of an Indian film. Upon its release, Baahubali 2 like its predecessor, received widespread acclaim for its direction, storytelling, cinematography, themes, visual effects, music, action sequences, and performances. The film grossed over ₹1810.60 crore worldwide, briefly becoming the highest grossing Indian film of all time, surpassing PK (2014). It collected approximately ₹792 crore worldwide within the first six days and became the first Indian film to gross over ₹1,000 crore. Within India, it set numerous records, becoming the highest-grossing film in Hindi, as well as in its original Telugu language. As of 2025, Baahubali 2 remains the highest-grossing film in India. It is currently the highest grossing Telugu film, the highest grossing South Indian film, and the third highest-grossing Indian film worldwide. The film sold over 10 crore tickets during its box office run, marking the highest estimated admissions for any film in India since Sholay (1975). It also ranks among the top 50 highest-grossing non-English films globally. Baahubali 2, along with its predecessor, is regarded as one of the most influential films in Indian cinema. It set new standards in large-scale filmmaking with its high budget, expansive action sequences, and franchise-building approach. The film won the Saturn Award for Best International Film and three National Film Awards, including Best Popular Film Providing Wholesome Entertainment, Best Special Effects, and Best Stunt Choreographer. It also fetched the state Gaddar Award for Best Feature Film. The Baahubali franchise also pioneered the pan-Indian film movement of dubbing the same film in multiple languages instead of remaking it. A combined recut version of The Beginning and The Conclusion, titled Baahubali: The Epic, was theatrically released worldwide on 31 October 2025.	Prabhas, Rana Daggubati, Anushka Shetty
vikram	Vikram	Image/catalog/vikram.jpg	Image/3.jpg	2D	Hindi	2h 54m | Action | Thriller | UA	Vikram () is a 2022 Indian Tamil-language action thriller film directed by Lokesh Kanagaraj. Produced by Raaj Kamal Films International and Turmeric Media, it is the second instalment in Lokesh Cinematic Universe. A spiritual successor to the 1986 film of the same name, the film stars Kamal Haasan in the titular role, alongside Vijay Sethupathi and Fahadh Faasil with Narain, Kalidas Jayaram, Gayathrie, Chemban Vinod Jose, Santhana Bharathi and Elango Kumaravel in supporting roles. It revolves around the former commander of a black-ops squad's pilot batch, and his efforts to take down the runner of a drug syndicate Vetti Vagaiyara. The film was officially announced in September 2020 under the tentative title Kamal Haasan 232, marking the actor's 232nd film as a lead actor; the official title was announced in November 2020. Principal photography commenced in July 2021. It was shot across Karaikudi, Chennai, Pondicherry, Coimbatore, and wrapped by late-February 2022. The film's soundtrack was composed by Anirudh Ravichander, with the cinematography and editing handled by Girish Gangadharan and Philomin Raj, respectively. Vikram was released worldwide on 3 June 2022 to positive reviews from critics. It set several box-office records, emerging as the fourth highest-grossing Indian film of 2022 and the fifth highest-grossing Tamil film of all time.	Kamal Haasan, Vijay Sethupathi, Fahadh Faasil
leo	Leo	Image/catalog/leo.jpg	Image/3.jpg	2D	Hindi	2h 44m | Action | Thriller | UA	Leo (also marketed as Leo: Bloody Sweet) is a 2023 Indian Tamil-language action thriller film directed by Lokesh Kanagaraj. Produced by Seven Screen Studio, it is the third instalment in the Lokesh Cinematic Universe. Partially inspired by the  David Cronenberg film A History of Violence, Leo stars Vijay in the titular role, alongside Sanjay Dutt, Arjun, Trisha, Gautham Vasudev Menon, Mysskin, Madonna Sebastian, George Maryan, Mansoor Ali Khan, Priya Anand and Mathew Thomas. In the film, Parthiban, an outwardly humble man, draws the attention of gangsters Antony and Harold Das who insist he is Antony's long-lost son, Leo Das. The film was officially announced in January 2023 under the tentative title Thalapathy 67, as it is Vijay's 67th film as a lead actor, and the official title was announced a few days later. Principal photography commenced the same month in Chennai along with a sporadic schedule in Kashmir, which was again followed by another schedule held at the former location, and wrapped by mid-July. The film has music composed by Anirudh Ravichander, cinematography handled by Manoj Paramahamsa and editing by Philomin Raj. Leo was released worldwide on 19 October 2023 in standard and IMAX formats to mixed reviews from critics, with praise for Vijay's performance, technical aspects and action sequences while the writing received criticism. It set several box office records for a Tamil film, emerging as the second highest-grossing Tamil film of 2023, the seventh highest-grossing Indian film of 2023, third highest-grossing Tamil film of all time, the highest-grossing Tamil film overseas and the highest-grossing film in Tamil Nadu.	Vijay, Trisha Krishnan, Sanjay Dutt
master	Master	Image/catalog/master.jpg	Image/3.jpg	2D	Hindi	2h 59m | Action | Drama | UA	Master is a 2021 Indian Tamil-language action drama film written and directed by Lokesh Kanagaraj and produced by S. Xavier Britto under XB Film Creators. The film stars Vijay in the main lead role as the protagonist and Vijay Sethupathi as the antagonist. Malavika Mohanan, Andrea Jeremiah, Arjun Das, Shanthanu Bhagyaraj and Gouri G. Kishan play supporting roles. It is the first project of the production house, which also co-produced the film with Jagadish Palanisamy and Seven Screen Studio. The film follows John Durairaj "JD", an alcoholic professor, who takes a three-month teaching job at a juvenile home, and clashes with Bhavani, a ruthless gangster, who uses the children as the scapegoat for his criminal activities. Lokesh narrated the script to Vijay in May 2019, and after his acceptance, the film was launched in August 2019. Lokesh wrote the script, screenplay and dialogue with Rathna Kumar and Pon Parthiban being credited as co-writers. Principal photography commenced in October 2019 and ended in February 2020; the entire film was shot across Delhi, Mumbai, Chennai and Karnataka within 129 working days. Originally announced under the tentative title Thalapathy 64, the official title Master was announced on 31 December 2019. The music is composed by Anirudh Ravichander, while cinematography and editing are performed by Sathyan Sooryan and Philomin Raj, respectively. Master was initially planned for a theatrical release on 9 April 2020, but was postponed due to the COVID-19 pandemic in India. The makers preferred to wait for a theatrical release, rather than release it on any streaming service. After being delayed for several months, the film was finally released in theatres on 13 January 2021, a day before Pongal. In addition, the film was simultaneously dubbed and released in Telugu, Kannada and Hindi (titled Vijay the Master) languages. Master also became the fastest Tamil film to be available on a streaming service after its theatrical release; it premiered on Amazon Prime Video 16 days after its theatrical release on 29 January 2021, which includes a Malayalam-language version. Master received mixed-to-positive reviews from critics. It was the first Indian film to have occupied the top spot in the global box office at the time of release. Irrespective of the film's fragmented theatrical release and its early streaming release, the film grossed around ₹220–300 crore. Many trade analysts and exhibitors praised the film's team for the revival of the theatrical business in Tamil Nadu, which suffered heavy losses due to the pandemic.	Vijay, Vijay Sethupathi, Malavika Mohanan
kaithi	Kaithi	Image/catalog/kaithi.png	Image/3.jpg	2D	Hindi	2h 25m | Action | Thriller | UA	Kaithi (𑂍𑂶𑂟𑂲, IPA: [kəɪ̯t̪ʰiː]), also called Kayathi (𑂍𑂨𑂟𑂲), Kayasthi (𑂍𑂰𑂨𑂮𑂹𑂟𑂲, IPA: [kəjəst̪ʰiː]), Kayastani, or Kaite Lipi (𑂍𑂰𑂅𑂞𑂵 𑂪𑂱𑂣𑂱) in Nepali, is a Brahmic script historically used across parts of Northern and Eastern India. It was prevalent in regions corresponding to modern-day Uttar Pradesh, Bihar, and Jharkhand. The script was primarily utilized for legal, administrative, and private records and was adapted for a variety of Indo-Aryan languages, including Angika, Awadhi, Bhojpuri, Hindustani, Surjapuri, Maithili, Magahi, and Nagpuri.	Karthi, Narain, Dheena
jailer	Jailer	Image/catalog/jailer.jpg	Image/3.jpg	2D	Hindi	2h 48m | Action | Comedy | UA	Jailer is a 2023 Indian Tamil-language action comedy film written and directed by Nelson Dilipkumar. Produced by Kalanithi Maran under Sun Pictures, the film stars Rajinikanth as a retired jailer who sets out to apprehend an eccentric idol smuggler threatening his family. The cast also includes Ramya Krishnan, Vinayakan, Tamannaah Bhatia, Sunil, Vasanth Ravi, Yogi Babu and Mirnaa in supporting roles. Mohanlal, Shiva Rajkumar and Jackie Shroff play guest appearances. The film was officially announced in February 2022 under the working title Thalaivar 169, being the 169th film of Rajinikanth, while the official title was announced in June that year. Principal photography commenced in August 2022 in Chennai followed with schedules in Cuddalore, Hyderabad, Jaisalmer, Mangalore, Kerala and wrapped by early-June 2023. The music is composed by Anirudh Ravichander, with cinematography handled by Vijay Kartik Kannan and edited by R. Nirmal. Jailer was released theatrically on 10 August 2023. The film received positive reviews from critics and emerged as the highest-grossing Tamil film of 2023, sixth highest-grossing Indian film of 2023 and second highest-grossing Tamil film of all time. Additionally, the film received four nominations at the Filmfare Awards South, and won two Ananda Vikatan Cinema Awards, two IIFA Utsavam awards including Best Film, and two South Indian International Movie Awards including Best Film and Best Director for Nelson, all in the Tamil branch. A sequel, Jailer 2, is scheduled to release on 15 October 2026.	Rajinikanth, Mohanlal, Shiva Rajkumar
interstellar	Interstellar	Image/catalog/interstellar.jpg	Image/3.jpg	2D	English	2h 49m | Sci-Fi | Adventure | UA	Jailer is a 2023 Indian Tamil-language action comedy film written and directed by Nelson Dilipkumar. Produced by Kalanithi Maran under Sun Pictures, the film stars Rajinikanth as a retired jailer who sets out to apprehend an eccentric idol smuggler threatening his family. The cast also includes Ramya Krishnan, Vinayakan, Tamannaah Bhatia, Sunil, Vasanth Ravi, Yogi Babu and Mirnaa in supporting roles. Mohanlal, Shiva Rajkumar and Jackie Shroff play guest appearances. The film was officially announced in February 2022 under the working title Thalaivar 169, being the 169th film of Rajinikanth, while the official title was announced in June that year. Principal photography commenced in August 2022 in Chennai followed with schedules in Cuddalore, Hyderabad, Jaisalmer, Mangalore, Kerala and wrapped by early-June 2023. The music is composed by Anirudh Ravichander, with cinematography handled by Vijay Kartik Kannan and edited by R. Nirmal. Jailer was released theatrically on 10 August 2023. The film received positive reviews from critics and emerged as the highest-grossing Tamil film of 2023, sixth highest-grossing Indian film of 2023 and second highest-grossing Tamil film of all time. Additionally, the film received four nominations at the Filmfare Awards South, and won two Ananda Vikatan Cinema Awards, two IIFA Utsavam awards including Best Film, and two South Indian International Movie Awards including Best Film and Best Director for Nelson, all in the Tamil branch. A sequel, Jailer 2, is scheduled to release on 15 October 2026.	Matthew McConaughey, Anne Hathaway, Jessica Chastain
inception	Inception	Image/catalog/inception.jpg	Image/3.jpg	2D	English	2h 28m | Sci-Fi | Thriller | UA	Jailer is a 2023 Indian Tamil-language action comedy film written and directed by Nelson Dilipkumar. Produced by Kalanithi Maran under Sun Pictures, the film stars Rajinikanth as a retired jailer who sets out to apprehend an eccentric idol smuggler threatening his family. The cast also includes Ramya Krishnan, Vinayakan, Tamannaah Bhatia, Sunil, Vasanth Ravi, Yogi Babu and Mirnaa in supporting roles. Mohanlal, Shiva Rajkumar and Jackie Shroff play guest appearances. The film was officially announced in February 2022 under the working title Thalaivar 169, being the 169th film of Rajinikanth, while the official title was announced in June that year. Principal photography commenced in August 2022 in Chennai followed with schedules in Cuddalore, Hyderabad, Jaisalmer, Mangalore, Kerala and wrapped by early-June 2023. The music is composed by Anirudh Ravichander, with cinematography handled by Vijay Kartik Kannan and edited by R. Nirmal. Jailer was released theatrically on 10 August 2023. The film received positive reviews from critics and emerged as the highest-grossing Tamil film of 2023, sixth highest-grossing Indian film of 2023 and second highest-grossing Tamil film of all time. Additionally, the film received four nominations at the Filmfare Awards South, and won two Ananda Vikatan Cinema Awards, two IIFA Utsavam awards including Best Film, and two South Indian International Movie Awards including Best Film and Best Director for Nelson, all in the Tamil branch. A sequel, Jailer 2, is scheduled to release on 15 October 2026.	Leonardo DiCaprio, Joseph Gordon-Levitt, Elliot Page
thedarkknight	The Dark Knight	Image/catalog/thedarkknight.jpg	Image/3.jpg	2D	English	2h 32m | Action | Crime | UA	Jailer is a 2023 Indian Tamil-language action comedy film written and directed by Nelson Dilipkumar. Produced by Kalanithi Maran under Sun Pictures, the film stars Rajinikanth as a retired jailer who sets out to apprehend an eccentric idol smuggler threatening his family. The cast also includes Ramya Krishnan, Vinayakan, Tamannaah Bhatia, Sunil, Vasanth Ravi, Yogi Babu and Mirnaa in supporting roles. Mohanlal, Shiva Rajkumar and Jackie Shroff play guest appearances. The film was officially announced in February 2022 under the working title Thalaivar 169, being the 169th film of Rajinikanth, while the official title was announced in June that year. Principal photography commenced in August 2022 in Chennai followed with schedules in Cuddalore, Hyderabad, Jaisalmer, Mangalore, Kerala and wrapped by early-June 2023. The music is composed by Anirudh Ravichander, with cinematography handled by Vijay Kartik Kannan and edited by R. Nirmal. Jailer was released theatrically on 10 August 2023. The film received positive reviews from critics and emerged as the highest-grossing Tamil film of 2023, sixth highest-grossing Indian film of 2023 and second highest-grossing Tamil film of all time. Additionally, the film received four nominations at the Filmfare Awards South, and won two Ananda Vikatan Cinema Awards, two IIFA Utsavam awards including Best Film, and two South Indian International Movie Awards including Best Film and Best Director for Nelson, all in the Tamil branch. A sequel, Jailer 2, is scheduled to release on 15 October 2026.	Christian Bale, Heath Ledger, Aaron Eckhart
oppenheimer	Oppenheimer	Image/catalog/oppenheimer.jpg	Image/3.jpg	2D	English	3h | Biography | Drama | UA	Jailer is a 2023 Indian Tamil-language action comedy film written and directed by Nelson Dilipkumar. Produced by Kalanithi Maran under Sun Pictures, the film stars Rajinikanth as a retired jailer who sets out to apprehend an eccentric idol smuggler threatening his family. The cast also includes Ramya Krishnan, Vinayakan, Tamannaah Bhatia, Sunil, Vasanth Ravi, Yogi Babu and Mirnaa in supporting roles. Mohanlal, Shiva Rajkumar and Jackie Shroff play guest appearances. The film was officially announced in February 2022 under the working title Thalaivar 169, being the 169th film of Rajinikanth, while the official title was announced in June that year. Principal photography commenced in August 2022 in Chennai followed with schedules in Cuddalore, Hyderabad, Jaisalmer, Mangalore, Kerala and wrapped by early-June 2023. The music is composed by Anirudh Ravichander, with cinematography handled by Vijay Kartik Kannan and edited by R. Nirmal. Jailer was released theatrically on 10 August 2023. The film received positive reviews from critics and emerged as the highest-grossing Tamil film of 2023, sixth highest-grossing Indian film of 2023 and second highest-grossing Tamil film of all time. Additionally, the film received four nominations at the Filmfare Awards South, and won two Ananda Vikatan Cinema Awards, two IIFA Utsavam awards including Best Film, and two South Indian International Movie Awards including Best Film and Best Director for Nelson, all in the Tamil branch. A sequel, Jailer 2, is scheduled to release on 15 October 2026.	Cillian Murphy, Emily Blunt, Robert Downey Jr.
avatar	Avatar	Image/catalog/avatar.jpg	Image/3.jpg	2D	English	2h 42m | Sci-Fi | Adventure | UA	Jailer is a 2023 Indian Tamil-language action comedy film written and directed by Nelson Dilipkumar. Produced by Kalanithi Maran under Sun Pictures, the film stars Rajinikanth as a retired jailer who sets out to apprehend an eccentric idol smuggler threatening his family. The cast also includes Ramya Krishnan, Vinayakan, Tamannaah Bhatia, Sunil, Vasanth Ravi, Yogi Babu and Mirnaa in supporting roles. Mohanlal, Shiva Rajkumar and Jackie Shroff play guest appearances. The film was officially announced in February 2022 under the working title Thalaivar 169, being the 169th film of Rajinikanth, while the official title was announced in June that year. Principal photography commenced in August 2022 in Chennai followed with schedules in Cuddalore, Hyderabad, Jaisalmer, Mangalore, Kerala and wrapped by early-June 2023. The music is composed by Anirudh Ravichander, with cinematography handled by Vijay Kartik Kannan and edited by R. Nirmal. Jailer was released theatrically on 10 August 2023. The film received positive reviews from critics and emerged as the highest-grossing Tamil film of 2023, sixth highest-grossing Indian film of 2023 and second highest-grossing Tamil film of all time. Additionally, the film received four nominations at the Filmfare Awards South, and won two Ananda Vikatan Cinema Awards, two IIFA Utsavam awards including Best Film, and two South Indian International Movie Awards including Best Film and Best Director for Nelson, all in the Tamil branch. A sequel, Jailer 2, is scheduled to release on 15 October 2026.	Sam Worthington, Zoe Saldana, Sigourney Weaver
avatarthewayofwater	Avatar: The Way of Water	Image/catalog/avatarthewayofwater.jpg	Image/3.jpg	2D	English	3h 12m | Sci-Fi | Adventure | UA	Jailer is a 2023 Indian Tamil-language action comedy film written and directed by Nelson Dilipkumar. Produced by Kalanithi Maran under Sun Pictures, the film stars Rajinikanth as a retired jailer who sets out to apprehend an eccentric idol smuggler threatening his family. The cast also includes Ramya Krishnan, Vinayakan, Tamannaah Bhatia, Sunil, Vasanth Ravi, Yogi Babu and Mirnaa in supporting roles. Mohanlal, Shiva Rajkumar and Jackie Shroff play guest appearances. The film was officially announced in February 2022 under the working title Thalaivar 169, being the 169th film of Rajinikanth, while the official title was announced in June that year. Principal photography commenced in August 2022 in Chennai followed with schedules in Cuddalore, Hyderabad, Jaisalmer, Mangalore, Kerala and wrapped by early-June 2023. The music is composed by Anirudh Ravichander, with cinematography handled by Vijay Kartik Kannan and edited by R. Nirmal. Jailer was released theatrically on 10 August 2023. The film received positive reviews from critics and emerged as the highest-grossing Tamil film of 2023, sixth highest-grossing Indian film of 2023 and second highest-grossing Tamil film of all time. Additionally, the film received four nominations at the Filmfare Awards South, and won two Ananda Vikatan Cinema Awards, two IIFA Utsavam awards including Best Film, and two South Indian International Movie Awards including Best Film and Best Director for Nelson, all in the Tamil branch. A sequel, Jailer 2, is scheduled to release on 15 October 2026.	Sam Worthington, Zoe Saldana, Sigourney Weaver
avengersendgame	Avengers: Endgame	Image/catalog/avengersendgame.jpg	Image/3.jpg	2D	English	3h 1m | Superhero | Action | UA	Jailer is a 2023 Indian Tamil-language action comedy film written and directed by Nelson Dilipkumar. Produced by Kalanithi Maran under Sun Pictures, the film stars Rajinikanth as a retired jailer who sets out to apprehend an eccentric idol smuggler threatening his family. The cast also includes Ramya Krishnan, Vinayakan, Tamannaah Bhatia, Sunil, Vasanth Ravi, Yogi Babu and Mirnaa in supporting roles. Mohanlal, Shiva Rajkumar and Jackie Shroff play guest appearances. The film was officially announced in February 2022 under the working title Thalaivar 169, being the 169th film of Rajinikanth, while the official title was announced in June that year. Principal photography commenced in August 2022 in Chennai followed with schedules in Cuddalore, Hyderabad, Jaisalmer, Mangalore, Kerala and wrapped by early-June 2023. The music is composed by Anirudh Ravichander, with cinematography handled by Vijay Kartik Kannan and edited by R. Nirmal. Jailer was released theatrically on 10 August 2023. The film received positive reviews from critics and emerged as the highest-grossing Tamil film of 2023, sixth highest-grossing Indian film of 2023 and second highest-grossing Tamil film of all time. Additionally, the film received four nominations at the Filmfare Awards South, and won two Ananda Vikatan Cinema Awards, two IIFA Utsavam awards including Best Film, and two South Indian International Movie Awards including Best Film and Best Director for Nelson, all in the Tamil branch. A sequel, Jailer 2, is scheduled to release on 15 October 2026.	Robert Downey Jr., Chris Evans, Scarlett Johansson
avengersinfinitywar	Avengers: Infinity War	Image/catalog/avengersinfinitywar.jpg	Image/3.jpg	2D	English	2h 29m | Superhero | Action | UA	Jailer is a 2023 Indian Tamil-language action comedy film written and directed by Nelson Dilipkumar. Produced by Kalanithi Maran under Sun Pictures, the film stars Rajinikanth as a retired jailer who sets out to apprehend an eccentric idol smuggler threatening his family. The cast also includes Ramya Krishnan, Vinayakan, Tamannaah Bhatia, Sunil, Vasanth Ravi, Yogi Babu and Mirnaa in supporting roles. Mohanlal, Shiva Rajkumar and Jackie Shroff play guest appearances. The film was officially announced in February 2022 under the working title Thalaivar 169, being the 169th film of Rajinikanth, while the official title was announced in June that year. Principal photography commenced in August 2022 in Chennai followed with schedules in Cuddalore, Hyderabad, Jaisalmer, Mangalore, Kerala and wrapped by early-June 2023. The music is composed by Anirudh Ravichander, with cinematography handled by Vijay Kartik Kannan and edited by R. Nirmal. Jailer was released theatrically on 10 August 2023. The film received positive reviews from critics and emerged as the highest-grossing Tamil film of 2023, sixth highest-grossing Indian film of 2023 and second highest-grossing Tamil film of all time. Additionally, the film received four nominations at the Filmfare Awards South, and won two Ananda Vikatan Cinema Awards, two IIFA Utsavam awards including Best Film, and two South Indian International Movie Awards including Best Film and Best Director for Nelson, all in the Tamil branch. A sequel, Jailer 2, is scheduled to release on 15 October 2026.	Robert Downey Jr., Chris Hemsworth, Josh Brolin
spidermannowayhome	Spider-Man: No Way Home	Image/catalog/spidermannowayhome.jpg	Image/3.jpg	2D	English	2h 28m | Superhero | Adventure | UA	Jailer is a 2023 Indian Tamil-language action comedy film written and directed by Nelson Dilipkumar. Produced by Kalanithi Maran under Sun Pictures, the film stars Rajinikanth as a retired jailer who sets out to apprehend an eccentric idol smuggler threatening his family. The cast also includes Ramya Krishnan, Vinayakan, Tamannaah Bhatia, Sunil, Vasanth Ravi, Yogi Babu and Mirnaa in supporting roles. Mohanlal, Shiva Rajkumar and Jackie Shroff play guest appearances. The film was officially announced in February 2022 under the working title Thalaivar 169, being the 169th film of Rajinikanth, while the official title was announced in June that year. Principal photography commenced in August 2022 in Chennai followed with schedules in Cuddalore, Hyderabad, Jaisalmer, Mangalore, Kerala and wrapped by early-June 2023. The music is composed by Anirudh Ravichander, with cinematography handled by Vijay Kartik Kannan and edited by R. Nirmal. Jailer was released theatrically on 10 August 2023. The film received positive reviews from critics and emerged as the highest-grossing Tamil film of 2023, sixth highest-grossing Indian film of 2023 and second highest-grossing Tamil film of all time. Additionally, the film received four nominations at the Filmfare Awards South, and won two Ananda Vikatan Cinema Awards, two IIFA Utsavam awards including Best Film, and two South Indian International Movie Awards including Best Film and Best Director for Nelson, all in the Tamil branch. A sequel, Jailer 2, is scheduled to release on 15 October 2026.	Tom Holland, Zendaya, Benedict Cumberbatch
joker	Joker	Image/catalog/joker.jpg	Image/3.jpg	2D	English	2h 2m | Crime | Drama | A	Jailer is a 2023 Indian Tamil-language action comedy film written and directed by Nelson Dilipkumar. Produced by Kalanithi Maran under Sun Pictures, the film stars Rajinikanth as a retired jailer who sets out to apprehend an eccentric idol smuggler threatening his family. The cast also includes Ramya Krishnan, Vinayakan, Tamannaah Bhatia, Sunil, Vasanth Ravi, Yogi Babu and Mirnaa in supporting roles. Mohanlal, Shiva Rajkumar and Jackie Shroff play guest appearances. The film was officially announced in February 2022 under the working title Thalaivar 169, being the 169th film of Rajinikanth, while the official title was announced in June that year. Principal photography commenced in August 2022 in Chennai followed with schedules in Cuddalore, Hyderabad, Jaisalmer, Mangalore, Kerala and wrapped by early-June 2023. The music is composed by Anirudh Ravichander, with cinematography handled by Vijay Kartik Kannan and edited by R. Nirmal. Jailer was released theatrically on 10 August 2023. The film received positive reviews from critics and emerged as the highest-grossing Tamil film of 2023, sixth highest-grossing Indian film of 2023 and second highest-grossing Tamil film of all time. Additionally, the film received four nominations at the Filmfare Awards South, and won two Ananda Vikatan Cinema Awards, two IIFA Utsavam awards including Best Film, and two South Indian International Movie Awards including Best Film and Best Director for Nelson, all in the Tamil branch. A sequel, Jailer 2, is scheduled to release on 15 October 2026.	Joaquin Phoenix, Robert De Niro, Zazie Beetz
topgunmaverick	Top Gun: Maverick	Image/catalog/topgunmaverick.jpg	Image/3.jpg	2D	English	2h 10m | Action | Drama | UA	Jailer is a 2023 Indian Tamil-language action comedy film written and directed by Nelson Dilipkumar. Produced by Kalanithi Maran under Sun Pictures, the film stars Rajinikanth as a retired jailer who sets out to apprehend an eccentric idol smuggler threatening his family. The cast also includes Ramya Krishnan, Vinayakan, Tamannaah Bhatia, Sunil, Vasanth Ravi, Yogi Babu and Mirnaa in supporting roles. Mohanlal, Shiva Rajkumar and Jackie Shroff play guest appearances. The film was officially announced in February 2022 under the working title Thalaivar 169, being the 169th film of Rajinikanth, while the official title was announced in June that year. Principal photography commenced in August 2022 in Chennai followed with schedules in Cuddalore, Hyderabad, Jaisalmer, Mangalore, Kerala and wrapped by early-June 2023. The music is composed by Anirudh Ravichander, with cinematography handled by Vijay Kartik Kannan and edited by R. Nirmal. Jailer was released theatrically on 10 August 2023. The film received positive reviews from critics and emerged as the highest-grossing Tamil film of 2023, sixth highest-grossing Indian film of 2023 and second highest-grossing Tamil film of all time. Additionally, the film received four nominations at the Filmfare Awards South, and won two Ananda Vikatan Cinema Awards, two IIFA Utsavam awards including Best Film, and two South Indian International Movie Awards including Best Film and Best Director for Nelson, all in the Tamil branch. A sequel, Jailer 2, is scheduled to release on 15 October 2026.	Tom Cruise, Miles Teller, Jennifer Connelly
missionimpossibledeadreckoning	Mission: Impossible - Dead Reckoning	Image/catalog/missionimpossibledeadreckoning.jpg	Image/3.jpg	2D	English	2h 43m | Action | Spy | UA	Jailer is a 2023 Indian Tamil-language action comedy film written and directed by Nelson Dilipkumar. Produced by Kalanithi Maran under Sun Pictures, the film stars Rajinikanth as a retired jailer who sets out to apprehend an eccentric idol smuggler threatening his family. The cast also includes Ramya Krishnan, Vinayakan, Tamannaah Bhatia, Sunil, Vasanth Ravi, Yogi Babu and Mirnaa in supporting roles. Mohanlal, Shiva Rajkumar and Jackie Shroff play guest appearances. The film was officially announced in February 2022 under the working title Thalaivar 169, being the 169th film of Rajinikanth, while the official title was announced in June that year. Principal photography commenced in August 2022 in Chennai followed with schedules in Cuddalore, Hyderabad, Jaisalmer, Mangalore, Kerala and wrapped by early-June 2023. The music is composed by Anirudh Ravichander, with cinematography handled by Vijay Kartik Kannan and edited by R. Nirmal. Jailer was released theatrically on 10 August 2023. The film received positive reviews from critics and emerged as the highest-grossing Tamil film of 2023, sixth highest-grossing Indian film of 2023 and second highest-grossing Tamil film of all time. Additionally, the film received four nominations at the Filmfare Awards South, and won two Ananda Vikatan Cinema Awards, two IIFA Utsavam awards including Best Film, and two South Indian International Movie Awards including Best Film and Best Director for Nelson, all in the Tamil branch. A sequel, Jailer 2, is scheduled to release on 15 October 2026.	Tom Cruise, Hayley Atwell, Ving Rhames
fastx	Fast X	Image/catalog/fastx.jpg	Image/3.jpg	2D	English	2h 21m | Action | Crime | UA	Jailer is a 2023 Indian Tamil-language action comedy film written and directed by Nelson Dilipkumar. Produced by Kalanithi Maran under Sun Pictures, the film stars Rajinikanth as a retired jailer who sets out to apprehend an eccentric idol smuggler threatening his family. The cast also includes Ramya Krishnan, Vinayakan, Tamannaah Bhatia, Sunil, Vasanth Ravi, Yogi Babu and Mirnaa in supporting roles. Mohanlal, Shiva Rajkumar and Jackie Shroff play guest appearances. The film was officially announced in February 2022 under the working title Thalaivar 169, being the 169th film of Rajinikanth, while the official title was announced in June that year. Principal photography commenced in August 2022 in Chennai followed with schedules in Cuddalore, Hyderabad, Jaisalmer, Mangalore, Kerala and wrapped by early-June 2023. The music is composed by Anirudh Ravichander, with cinematography handled by Vijay Kartik Kannan and edited by R. Nirmal. Jailer was released theatrically on 10 August 2023. The film received positive reviews from critics and emerged as the highest-grossing Tamil film of 2023, sixth highest-grossing Indian film of 2023 and second highest-grossing Tamil film of all time. Additionally, the film received four nominations at the Filmfare Awards South, and won two Ananda Vikatan Cinema Awards, two IIFA Utsavam awards including Best Film, and two South Indian International Movie Awards including Best Film and Best Director for Nelson, all in the Tamil branch. A sequel, Jailer 2, is scheduled to release on 15 October 2026.	Vin Diesel, Jason Momoa, Michelle Rodriguez
johnwick4	John Wick: Chapter 4	Image/catalog/johnwick4.jpg	Image/3.jpg	2D	English	2h 49m | Action | Thriller | A	Jailer is a 2023 Indian Tamil-language action comedy film written and directed by Nelson Dilipkumar. Produced by Kalanithi Maran under Sun Pictures, the film stars Rajinikanth as a retired jailer who sets out to apprehend an eccentric idol smuggler threatening his family. The cast also includes Ramya Krishnan, Vinayakan, Tamannaah Bhatia, Sunil, Vasanth Ravi, Yogi Babu and Mirnaa in supporting roles. Mohanlal, Shiva Rajkumar and Jackie Shroff play guest appearances. The film was officially announced in February 2022 under the working title Thalaivar 169, being the 169th film of Rajinikanth, while the official title was announced in June that year. Principal photography commenced in August 2022 in Chennai followed with schedules in Cuddalore, Hyderabad, Jaisalmer, Mangalore, Kerala and wrapped by early-June 2023. The music is composed by Anirudh Ravichander, with cinematography handled by Vijay Kartik Kannan and edited by R. Nirmal. Jailer was released theatrically on 10 August 2023. The film received positive reviews from critics and emerged as the highest-grossing Tamil film of 2023, sixth highest-grossing Indian film of 2023 and second highest-grossing Tamil film of all time. Additionally, the film received four nominations at the Filmfare Awards South, and won two Ananda Vikatan Cinema Awards, two IIFA Utsavam awards including Best Film, and two South Indian International Movie Awards including Best Film and Best Director for Nelson, all in the Tamil branch. A sequel, Jailer 2, is scheduled to release on 15 October 2026.	Keanu Reeves, Donnie Yen, Bill Skarsgard
